{"cameraMode":{"drawMode":0,"name":"Shaded","section":"Shading Mode"},"sceneLighting":false,"audioPlay":false,"sceneViewState":{"showFog":true,"showMaterialUpdate":false,"showSkybox":false,"showFlares":true,"showImageEffects":true,"showParticleSystems":true},"in2DMode":false,"pivot":{"x":0.042495328933000568,"y":0.061403799802064899,"z":-0.11233934015035629},"rotation":{"x":-0.34300336241722109,"y":0.35262030363082888,"z":-0.14080169796943665,"w":-0.8592812418937683},"size":0.6627244353294373,"orthographic":false}