{"cameraMode":{"drawMode":0,"name":"Shaded","section":"Shading Mode"},"sceneLighting":true,"audioPlay":false,"sceneViewState":{"showFog":true,"showMaterialUpdate":false,"showSkybox":true,"showFlares":true,"showImageEffects":true,"showParticleSystems":true},"in2DMode":false,"pivot":{"x":0.3105705976486206,"y":-0.9463162422180176,"z":3.3896937370300295},"rotation":{"x":-0.254263699054718,"y":-0.025618361309170724,"z":0.006691192742437124,"w":-0.9667778611183167},"size":6.114080429077148,"orthographic":false}