{"cameraMode":{"drawMode":0,"name":"Shaded","section":"Shading Mode"},"sceneLighting":true,"audioPlay":false,"sceneViewState":{"showFog":true,"showMaterialUpdate":false,"showSkybox":true,"showFlares":true,"showImageEffects":true,"showParticleSystems":true},"in2DMode":false,"pivot":{"x":-7.098487377166748,"y":1.62123703956604,"z":0.13855278491973878},"rotation":{"x":0.03732985258102417,"y":-0.6337899565696716,"z":0.03064105659723282,"w":0.7721030116081238},"size":4.343291759490967,"orthographic":false}