{"cameraMode":{"drawMode":0,"name":"Shaded","section":"Shading Mode"},"sceneLighting":true,"audioPlay":false,"sceneViewState":{"showFog":true,"showMaterialUpdate":false,"showSkybox":true,"showFlares":true,"showImageEffects":true,"showParticleSystems":true},"in2DMode":false,"pivot":{"x":-5.057656288146973,"y":1.7657952308654786,"z":-0.2689485549926758},"rotation":{"x":-0.05566249042749405,"y":0.3873347342014313,"z":-0.02314627915620804,"w":-0.9201009273529053},"size":14.990968704223633,"orthographic":false}