{"cameraMode":{"drawMode":0,"name":"Shaded","section":"Shading Mode"},"sceneLighting":false,"audioPlay":false,"sceneViewState":{"showFog":true,"showMaterialUpdate":false,"showSkybox":false,"showFlares":true,"showImageEffects":true,"showParticleSystems":true},"in2DMode":false,"pivot":{"x":-0.4466552436351776,"y":1.2353472709655762,"z":-0.055546462535858157},"rotation":{"x":0.057110998779535297,"y":-0.07663355767726898,"z":0.0044327303767204288,"w":0.9954918622970581},"size":0.9185605645179749,"orthographic":false}