{"cameraMode":{"drawMode":0,"name":"Shaded","section":"Shading Mode"},"sceneLighting":false,"audioPlay":false,"sceneViewState":{"showFog":true,"showMaterialUpdate":false,"showSkybox":false,"showFlares":true,"showImageEffects":true,"showParticleSystems":true},"in2DMode":false,"pivot":{"x":5.960464477539063e-8,"y":0.6806762218475342,"z":-1.4901161193847657e-7},"rotation":{"x":0.09318219125270844,"y":0.001162978122010827,"z":-0.0000979707547230646,"w":0.995733380317688},"size":0.9185605645179749,"orthographic":false}